time,Strain_1,Replicate,CFU_Strain_1,Strain_2,replicate,CFU_Strain_2
0,17B2,1,55.55555556,0092a,1,416.6666667
0,17B2,2,13.88888889,0092a,2,555.5555556
0,17B2,3,27.77777778,0092a,3,833.3333333
0,17B2,1,55.55555556,232,1,1944.444444
0,17B2,2,13.88888889,232,2,1250
0,17B2,3,27.77777778,232,3,1111.111111
0,17B2,1,55.55555556,460,1,41.66666667
0,17B2,2,13.88888889,460,2,13.88888889
0,17B2,3,27.77777778,460,3,97.22222222
0,17B2,1,55.55555556,550,1,1805.555556
0,17B2,2,13.88888889,550,2,2361.111111
0,17B2,3,27.77777778,550,3,3611.111111
0,0092a,1,416.6666667,232,1,1944.444444
0,0092a,2,555.5555556,232,2,1250
0,0092a,3,833.3333333,232,3,1111.111111
0,0092a,1,416.6666667,460,1,41.66666667
0,0092a,2,555.5555556,460,2,13.88888889
0,0092a,3,833.3333333,460,3,97.22222222
0,0092a,1,416.6666667,550,1,1805.555556
0,0092a,2,555.5555556,550,2,2361.111111
0,0092a,3,833.3333333,550,3,3611.111111
0,232,1,1944.444444,460,1,41.66666667
0,232,2,1250,460,2,13.88888889
0,232,3,1111.111111,460,3,97.22222222
0,232,1,1944.444444,550,1,1805.555556
0,232,2,1250,550,2,2361.111111
0,232,3,1111.111111,550,3,3611.111111
0,460,1,41.66666667,550,1,1805.555556
0,460,2,13.88888889,550,2,2361.111111
0,460,3,97.22222222,550,3,3611.111111
0,253,1,1111.111111,163,1,416.6666667
0,253,2,1388.888889,163,2,1250
0,253,3,1250,163,3,555.5555556
0,253,1,1111.111111,228,1,1111.111111
0,253,2,1388.888889,228,2,1250
0,253,3,1250,228,3,833.3333333
0,253,1,1111.111111,177,1,2916.666667
0,253,2,1388.888889,177,2,2222.222222
0,253,3,1250,177,3,2777.777778
0,163,1,416.6666667,228,1,1111.111111
0,163,2,1250,228,2,1250
0,163,3,555.5555556,228,3,833.3333333
0,163,1,416.6666667,177,1,2916.666667
0,163,2,1250,177,2,2222.222222
0,163,3,555.5555556,177,3,2777.777778
0,228,1,1111.111111,177,1,2916.666667
0,228,2,1250,177,2,2222.222222
0,228,3,833.3333333,177,3,2777.777778
6,17B2,1,0,0092a,1,3333.333333
6,17B2,2,666.6666667,0092a,2,3333.333333
6,17B2,3,0,0092a,3,2000
6,17B2,1,0,232,1,4000
6,17B2,2,0,232,2,2000
6,17B2,3,0,232,3,2000
6,17B2,1,0,460,1,6000
6,17B2,2,0,460,2,8666.666667
6,17B2,3,0,460,3,6666.666667
6,17B2,1,0,550,1,4666.666667
6,17B2,2,666.6666667,550,2,4666.666667
6,17B2,3,666.6666667,550,3,6666.666667
6,0092a,1,666.6666667,232,1,2666.666667
6,0092a,2,3333.333333,232,2,4666.666667
6,0092a,3,2000,232,3,3333.333333
6,0092a,1,1333.333333,460,1,5333.333333
6,0092a,2,2000,460,2,4000
6,0092a,3,1333.333333,460,3,4666.666667
6,0092a,1,666.6666667,550,1,6666.666667
6,0092a,2,4000,550,2,4000
6,0092a,3,2000,550,3,4000
6,232,1,2000,460,1,2666.666667
6,232,2,3333.333333,460,2,2000
6,232,3,3333.333333,460,3,6666.666667
6,232,1,1333.333333,550,1,2666.666667
6,232,2,2000,550,2,2666.666667
6,232,3,3333.333333,550,3,4000
6,460,1,6000,550,1,6000
6,460,2,12000,550,2,5333.333333
6,460,3,5333.333333,550,3,6000
6,253,1,4666.666667,163,1,666.6666667
6,253,2,4666.666667,163,2,1333.333333
6,253,3,6000,163,3,3333.333333
6,253,1,1333.333333,228,1,666.6666667
6,253,2,4000,228,2,5333.333333
6,253,3,1333.333333,228,3,1333.333333
6,253,1,2000,177,1,6000
6,253,2,666.6666667,177,2,4666.666667
6,253,3,2666.666667,177,3,4000
6,163,1,2000,228,1,666.6666667
6,163,2,1333.333333,228,2,1333.333333
6,163,3,0,228,3,6666.666667
6,163,1,4000,177,1,5333.333333
6,163,2,2000,177,2,4000
6,163,3,4000,177,3,5333.333333
6,228,1,3333.333333,177,1,3333.333333
6,228,2,2000,177,2,2666.666667
6,228,3,666.6666667,177,3,2666.666667
18,17B2,1,0,0092a,1,266666.6667
18,17B2,2,0,0092a,2,400000
18,17B2,3,0,0092a,3,200000
18,17B2,1,0,232,1,40000
18,17B2,2,0,232,2,60000
18,17B2,3,0,232,3,46666.66667
18,17B2,1,0,460,1,60000
18,17B2,2,0,460,2,40000
18,17B2,3,0,460,3,46666.66667
18,17B2,1,20000,550,1,33333.33333
18,17B2,2,13333.33333,550,2,53333.33333
18,17B2,3,33333.33333,550,3,53333.33333
18,0092a,1,133333.3333,232,1,66666.66667
18,0092a,2,333333.3333,232,2,46666.66667
18,0092a,3,200000,232,3,100000
18,0092a,1,333333.3333,460,1,66666.66667
18,0092a,2,333333.3333,460,2,13333.33333
18,0092a,3,333333.3333,460,3,0
18,0092a,1,266666.6667,550,1,0
18,0092a,2,200000,550,2,0
18,0092a,3,133333.3333,550,3,0
18,232,1,100000,460,1,6666.666667
18,232,2,20000,460,2,6666.666667
18,232,3,80000,460,3,6666.666667
18,232,1,26666.66667,550,1,60000
18,232,2,73333.33333,550,2,26666.66667
18,232,3,53333.33333,550,3,26666.66667
18,460,1,6666.666667,550,1,26666.66667
18,460,2,6666.666667,550,2,60000
18,460,3,6666.666667,550,3,33333.33333
18,253,1,1000000,163,1,1200000
18,253,2,866666.6667,163,2,533333.3333
18,253,3,1066666.667,163,3,1000000
18,253,1,666666.6667,228,1,600000
18,253,2,600000,228,2,733333.3333
18,253,3,400000,228,3,533333.3333
18,253,1,400000,177,1,866666.6667
18,253,2,666666.6667,177,2,1200000
18,253,3,1000000,177,3,1333333.333
18,163,1,333333.3333,228,1,266666.6667
18,163,2,400000,228,2,466666.6667
18,163,3,533333.3333,228,3,533333.3333
18,163,1,600000,177,1,933333.3333
18,163,2,866666.6667,177,2,866666.6667
18,163,3,1000000,177,3,933333.3333
18,228,1,533333.3333,177,1,600000
18,228,2,66666.66667,177,2,1133333.333
18,228,3,466666.6667,177,3,666666.6667
24,17B2,1,0,0092a,1,4000000
24,17B2,2,0,0092a,2,5333333.333
24,17B2,3,0,0092a,3,3333333.333
24,17B2,1,0,232,1,166666.6667
24,17B2,2,0,232,2,140000
24,17B2,3,0,232,3,193333.3333
24,17B2,1,2000,460,1,1200000
24,17B2,2,2000,460,2,1066666.667
24,17B2,3,2000,460,3,800000
24,17B2,1,666.6666667,550,1,153333.3333
24,17B2,2,0,550,2,133333.3333
24,17B2,3,2000,550,3,153333.3333
24,0092a,1,2000000,232,1,533333.3333
24,0092a,2,2333333.333,232,2,533333.3333
24,0092a,3,1800000,232,3,400000
24,0092a,1,3333333.333,460,1,146666.6667
24,0092a,2,2666666.667,460,2,220000
24,0092a,3,6000000,460,3,300000
24,0092a,1,2000000,550,1,666666.6667
24,0092a,2,2666666.667,550,2,666666.6667
24,0092a,3,4666666.667,550,3,66666.66667
24,232,1,266666.6667,460,1,333333.3333
24,232,2,133333.3333,460,2,133333.3333
24,232,3,133333.3333,460,3,333333.3333
24,232,1,200000,550,1,200000
24,232,2,466666.6667,550,2,133333.3333
24,232,3,266666.6667,550,3,133333.3333
24,460,1,0,550,1,0
24,460,2,0,550,2,0
24,460,3,0,550,3,0
24,253,1,1333333.333,163,1,1333333.333
24,253,2,6000000,163,2,3333333.333
24,253,3,3333333.333,163,3,2666666.667
24,253,1,3333333.333,228,1,2000000
24,253,2,666666.6667,228,2,933333.3333
24,253,3,2666666.667,228,3,666666.6667
24,253,1,800000,177,1,2000000
24,253,2,3333333.333,177,2,4000000
24,253,3,666666.6667,177,3,2000000
24,163,1,3333333.333,228,1,666666.6667
24,163,2,2000000,228,2,1333333.333
24,163,3,2000000,228,3,666666.6667
24,163,1,1333333.333,177,1,4000000
24,163,2,2000000,177,2,2000000
24,163,3,2000000,177,3,2000000
24,228,1,333333.3333,177,1,2666666.667
24,228,2,666666.6667,177,2,666666.6667
24,228,3,1333333.333,177,3,1333333.333
30,17B2,1,0,0092a,1,8000000
30,17B2,2,0,0092a,2,6000000
30,17B2,3,0,0092a,3,7333333.333
30,17B2,1,0,232,1,400000
30,17B2,2,0,232,2,200000
30,17B2,3,0,232,3,0
30,17B2,1,20000,460,1,7333333.333
30,17B2,2,60000,460,2,6000000
30,17B2,3,20000,460,3,9333333.333
30,17B2,1,400000,550,1,666666.6667
30,17B2,2,133333.3333,550,2,1133333.333
30,17B2,3,200000,550,3,333333.3333
30,0092a,1,4666666.667,232,1,2000000
30,0092a,2,2666666.667,232,2,666666.6667
30,0092a,3,5333333.333,232,3,1333333.333
30,0092a,1,7333333.333,460,1,266666.6667
30,0092a,2,6000000,460,2,200000
30,0092a,3,4666666.667,460,3,133333.3333
30,0092a,1,3333333.333,550,1,2666666.667
30,0092a,2,4000000,550,2,200000
30,0092a,3,5333333.333,550,3,666666.6667
30,232,1,333333.3333,460,1,10000000
30,232,2,466666.6667,460,2,5333333.333
30,232,3,66666.66667,460,3,6000000
30,232,1,1333333.333,550,1,466666.6667
30,232,2,1200000,550,2,600000
30,232,3,1200000,550,3,733333.3333
30,460,1,1533333.333,550,1,733333.3333
30,460,2,1200000,550,2,866666.6667
30,460,3,733333.3333,550,3,1066666.667
30,253,1,1333333.333,163,1,4000000
30,253,2,666666.6667,163,2,1333333.333
30,253,3,1333333.333,163,3,666666.6667
30,253,1,2666666.667,228,1,666666.6667
30,253,2,666666.6667,228,2,1333333.333
30,253,3,666666.6667,228,3,666666.6667
30,253,1,4666666.667,177,1,2000000
30,253,2,1333333.333,177,2,2666666.667
30,253,3,3333333.333,177,3,3333333.333
30,163,1,3333333.333,228,1,2000000
30,163,2,4000000,228,2,3333333.333
30,163,3,1333333.333,228,3,2666666.667
30,163,1,3333333.333,177,1,3333333.333
30,163,2,2666666.667,177,2,4000000
30,163,3,2666666.667,177,3,2000000
30,228,1,2666666.667,177,1,2666666.667
30,228,2,2000000,177,2,1333333.333
30,228,3,666666.6667,177,3,2000000
42,17B2,1,0,0092a,1,6000000
42,17B2,2,0,0092a,2,6666666.667
42,17B2,3,666666.6667,0092a,3,6666666.667
42,17B2,1,66666.66667,232,1,10000000
42,17B2,2,0,232,2,10000000
42,17B2,3,66666.66667,232,3,8000000
42,17B2,1,133333.3333,460,1,19333333.33
42,17B2,2,266666.6667,460,2,14000000
42,17B2,3,266666.6667,460,3,20000000
42,17B2,1,1333333.333,550,1,5333333.333
42,17B2,2,666666.6667,550,2,12000000
42,17B2,3,666666.6667,550,3,6666666.667
42,0092a,1,3333333.333,232,1,10000000
42,0092a,2,6000000,232,2,8666666.667
42,0092a,3,4666666.667,232,3,11333333.33
42,0092a,1,4000000,460,1,4666666.667
42,0092a,2,5333333.333,460,2,666666.6667
42,0092a,3,4666666.667,460,3,2000000
42,0092a,1,4000000,550,1,6000000
42,0092a,2,6000000,550,2,8000000
42,0092a,3,3333333.333,550,3,6666666.667
42,232,1,6666666.667,460,1,20000000
42,232,2,8666666.667,460,2,13333333.33
42,232,3,8000000,460,3,17333333.33
42,232,1,12000000,550,1,2666666.667
42,232,2,15333333.33,550,2,3333333.333
42,232,3,11333333.33,550,3,8000000
42,460,1,16666666.67,550,1,8666666.667
42,460,2,17333333.33,550,2,10666666.67
42,460,3,12666666.67,550,3,12000000
42,253,1,8000000,163,1,13333333.33
42,253,2,2000000,163,2,7333333.333
42,253,3,0,163,3,4666666.667
42,253,1,4666666.667,228,1,1333333.333
42,253,2,666666.6667,228,2,666666.6667
42,253,3,4666666.667,228,3,1000000
42,253,1,1666666.667,177,1,933333.3333
42,253,2,2666666.667,177,2,2000000
42,253,3,2000000,177,3,666666.6667
42,163,1,8000000,228,1,1333333.333
42,163,2,4000000,228,2,2000000
42,163,3,6000000,228,3,1333333.333
42,163,1,3333333.333,177,1,1333333.333
42,163,2,4000000,177,2,666666.6667
42,163,3,4000000,177,3,1333333.333
42,228,1,733333.3333,177,1,2000000
42,228,2,3333333.333,177,2,3333333.333
42,228,3,2000000,177,3,666666.6667
48,17B2,1,0,0092a,1,4000000
48,17B2,2,0,0092a,2,5333333.333
48,17B2,3,0,0092a,3,5333333.333
48,17B2,1,0,232,1,16666666.67
48,17B2,2,0,232,2,22666666.67
48,17B2,3,0,232,3,14666666.67
48,17B2,1,466666.6667,460,1,27333333.33
48,17B2,2,600000,460,2,24666666.67
48,17B2,3,333333.3333,460,3,31333333.33
48,17B2,1,666666.6667,550,1,9333333.333
48,17B2,2,666666.6667,550,2,10666666.67
48,17B2,3,666666.6667,550,3,12000000
48,0092a,1,10666666.67,232,1,6666666.667
48,0092a,2,10000000,232,2,8666666.667
48,0092a,3,6666666.667,232,3,4666666.667
48,0092a,1,6666666.667,460,1,4666666.667
48,0092a,2,4666666.667,460,2,4000000
48,0092a,3,7333333.333,460,3,3333333.333
48,0092a,1,7333333.333,550,1,8666666.667
48,0092a,2,1333333.333,550,2,9333333.333
48,0092a,3,2666666.667,550,3,11333333.33
48,232,1,12666666.67,460,1,14666666.67
48,232,2,15333333.33,460,2,17333333.33
48,232,3,14000000,460,3,9333333.333
48,232,1,14000000,550,1,6666666.667
48,232,2,13333333.33,550,2,6666666.667
48,232,3,18000000,550,3,6666666.667
48,460,1,26666666.67,550,1,20000000
48,460,2,26666666.67,550,2,20000000
48,460,3,26666666.67,550,3,6666666.667
48,253,1,3333333.333,163,1,6666666.667
48,253,2,1333333.333,163,2,6666666.667
48,253,3,2666666.667,163,3,4000000
48,253,1,666666.6667,228,1,2666666.667
48,253,2,2000000,228,2,4000000
48,253,3,1333333.333,228,3,1333333.333
48,253,1,2000000,177,1,666666.6667
48,253,2,1333333.333,177,2,666666.6667
48,253,3,3333333.333,177,3,666666.6667
48,163,1,5333333.333,228,1,3333333.333
48,163,2,10000000,228,2,3333333.333
48,163,3,9333333.333,228,3,4000000
48,163,1,9333333.333,177,1,666666.6667
48,163,2,5333333.333,177,2,666666.6667
48,163,3,8000000,177,3,400000
48,228,1,1333333.333,177,1,666666.6667
48,228,2,666666.6667,177,2,1333333.333
48,228,3,1200000,177,3,666666.6667
54,17B2,1,0,0092a,1,6666666.667
54,17B2,2,0,0092a,2,8666666.667
54,17B2,3,0,0092a,3,5333333.333
54,17B2,1,0,232,1,22666666.67
54,17B2,2,0,232,2,20000000
54,17B2,3,0,232,3,20000000
54,17B2,1,400000,460,1,33333333.33
54,17B2,2,800000,460,2,26666666.67
54,17B2,3,866666.6667,460,3,26666666.67
54,17B2,1,0,550,1,13333333.33
54,17B2,2,666666.6667,550,2,11333333.33
54,17B2,3,0,550,3,6666666.667
54,0092a,1,4000000,232,1,12666666.67
54,0092a,2,5333333.333,232,2,16000000
54,0092a,3,4000000,232,3,13333333.33
54,0092a,1,8000000,460,1,0
54,0092a,2,9333333.333,460,2,1333333.333
54,0092a,3,10666666.67,460,3,0
54,0092a,1,6666666.667,550,1,8666666.667
54,0092a,2,6666666.667,550,2,9333333.333
54,0092a,3,7333333.333,550,3,12000000
54,232,1,14666666.67,460,1,1333333.333
54,232,2,28000000,460,2,2000000
54,232,3,25333333.33,460,3,1333333.333
54,232,1,18000000,550,1,3333333.333
54,232,2,19333333.33,550,2,4000000
54,232,3,20000000,550,3,6000000
54,460,1,2000000,550,1,14000000
54,460,2,3333333.333,550,2,18666666.67
54,460,3,3333333.333,550,3,16000000
54,253,1,2000000,163,1,7333333.333
54,253,2,5333333.333,163,2,4000000
54,253,3,4666666.667,163,3,7333333.333
54,253,1,4666666.667,228,1,666666.6667
54,253,2,2666666.667,228,2,666666.6667
54,253,3,1333333.333,228,3,5333333.333
54,253,1,6000000,177,1,1333333.333
54,253,2,3333333.333,177,2,533333.3333
54,253,3,666666.6667,177,3,666666.6667
54,163,1,9333333.333,228,1,2666666.667
54,163,2,6666666.667,228,2,2000000
54,163,3,8666666.667,228,3,1333333.333
54,163,1,4666666.667,177,1,666666.6667
54,163,2,2666666.667,177,2,200000
54,163,3,7333333.333,177,3,666666.6667
54,228,1,2000000,177,1,1333333.333
54,228,2,2000000,177,2,2000000
54,228,3,3333333.333,177,3,0
68,17B2,1,0,0092a,1,14000000
68,17B2,2,0,0092a,2,10666666.67
68,17B2,3,0,0092a,3,6000000
68,17B2,1,0,232,1,23333333.33
68,17B2,2,0,232,2,26000000
68,17B2,3,0,232,3,21333333.33
68,17B2,1,733333.3333,460,1,29333333.33
68,17B2,2,1333333.333,460,2,24000000
68,17B2,3,2000000,460,3,28000000
68,17B2,1,666666.6667,550,1,10000000
68,17B2,2,666666.6667,550,2,12000000
68,17B2,3,0,550,3,10000000
68,0092a,1,8666666.667,232,1,17333333.33
68,0092a,2,6000000,232,2,18000000
68,0092a,3,7333333.333,232,3,13333333.33
68,0092a,1,8666666.667,460,1,666666.6667
68,0092a,2,9333333.333,460,2,333333.3333
68,0092a,3,15333333.33,460,3,533333.3333
68,0092a,1,3333333.333,550,1,13333333.33
68,0092a,2,4666666.667,550,2,14666666.67
68,0092a,3,4000000,550,3,11333333.33
68,232,1,27333333.33,460,1,1333333.333
68,232,2,36666666.67,460,2,0
68,232,3,27333333.33,460,3,0
68,232,1,23333333.33,550,1,4000000
68,232,2,17333333.33,550,2,10000000
68,232,3,21333333.33,550,3,5333333.333
68,460,1,9333333.333,550,1,18000000
68,460,2,6000000,550,2,24666666.67
68,460,3,6000000,550,3,18666666.67
68,253,1,1333333.333,163,1,8666666.667
68,253,2,4000000,163,2,10666666.67
68,253,3,2000000,163,3,6666666.667
68,253,1,4000000,228,1,2000000
68,253,2,3333333.333,228,2,1333333.333
68,253,3,1333333.333,228,3,400000
68,253,1,1600000,177,1,666666.6667
68,253,2,1533333.333,177,2,666666.6667
68,253,3,1200000,177,3,666666.6667
68,163,1,14000000,228,1,4666666.667
68,163,2,22000000,228,2,666666.6667
68,163,3,16000000,228,3,2000000
68,163,1,12666666.67,177,1,66666.66667
68,163,2,14666666.67,177,2,66666.66667
68,163,3,9333333.333,177,3,666666.6667
68,228,1,2666666.667,177,1,333333.3333
68,228,2,1333333.333,177,2,533333.3333
68,228,3,1333333.333,177,3,533333.3333
0,17B2,1,527.7777778,253,1,611.1111111
0,17B2,2,638.8888889,253,2,777.7777778
0,17B2,3,694.4444444,253,3,944.4444444
0,17B2,1,666.6666667,163,1,388.8888889
0,17B2,2,527.7777778,163,2,472.2222222
0,17B2,3,583.3333333,163,3,416.6666667
0,17B2,1,722.2222222,228,1,500
0,17B2,2,694.4444444,228,2,638.8888889
0,17B2,3,583.3333333,228,3,388.8888889
0,17B2,1,527.7777778,177,1,472.2222222
0,17B2,2,750,177,2,333.3333333
0,17B2,3,694.4444444,177,3,500
0,0092a,1,583.3333333,253,1,722.2222222
0,0092a,2,444.4444444,253,2,1138.888889
0,0092a,3,500,253,3,416.6666667
0,0092a,1,416.6666667,163,1,333.3333333
0,0092a,2,611.1111111,163,2,361.1111111
0,0092a,3,583.3333333,163,3,388.8888889
0,0092a,1,555.5555556,228,1,361.1111111
0,0092a,2,555.5555556,228,2,444.4444444
0,0092a,3,694.4444444,228,3,444.4444444
0,0092a,1,750,177,1,250
0,0092a,2,833.3333333,177,2,500
0,0092a,3,611.1111111,177,3,361.1111111
0,232,1,1583.333333,253,1,611.1111111
0,232,2,1166.666667,253,2,694.4444444
0,232,3,1305.555556,253,3,583.3333333
0,232,1,1250,163,1,416.6666667
0,232,2,1305.555556,163,2,638.8888889
0,232,3,1111.111111,163,3,500
6,17B2,1,4000,253,1,4666.666667
6,17B2,2,2000,253,2,2000
6,17B2,3,3333.333333,253,3,3333.333333
6,17B2,1,3333.333333,163,1,2666.666667
6,17B2,2,2000,163,2,2666.666667
6,17B2,3,2000,163,3,10000
6,17B2,1,666.6666667,228,1,2000
6,17B2,2,4000,228,2,6000
6,17B2,3,1333.333333,228,3,2000
6,17B2,1,4000,177,1,3333.333333
6,17B2,2,666.6666667,177,2,1333.333333
6,17B2,3,2000,177,3,2000
6,0092a,1,2666.666667,253,1,0
6,0092a,2,2666.666667,253,2,666.6666667
6,0092a,3,3333.333333,253,3,3333.333333
6,0092a,1,4666.666667,163,1,5333.333333
6,0092a,2,1333.333333,163,2,6000
6,0092a,3,2000,163,3,2666.666667
6,0092a,1,6000,228,1,0
6,0092a,2,4000,228,2,4000
6,0092a,3,2000,228,3,1333.333333
6,0092a,1,666.6666667,177,1,2666.666667
6,0092a,2,666.6666667,177,2,1333.333333
6,0092a,3,666.6666667,177,3,3333.333333
6,232,1,6000,253,1,2000
6,232,2,2000,253,2,6000
6,232,3,2000,253,3,2666.666667
6,232,1,8000,163,1,3333.333333
6,232,2,5333.333333,163,2,2666.666667
6,232,3,4000,163,3,3333.333333
18,17B2,1,9333.333333,253,1,533333.3333
18,17B2,2,8000,253,2,600000
18,17B2,3,6000,253,3,1000000
18,17B2,1,4666.666667,163,1,1133333.333
18,17B2,2,7333.333333,163,2,1266666.667
18,17B2,3,2000,163,3,1333333.333
18,17B2,1,8000,228,1,333333.3333
18,17B2,2,11333.33333,228,2,333333.3333
18,17B2,3,10000,228,3,466666.6667
18,17B2,1,7333.333333,177,1,466666.6667
18,17B2,2,5333.333333,177,2,733333.3333
18,17B2,3,6000,177,3,733333.3333
18,0092a,1,266666.6667,253,1,200000
18,0092a,2,200000,253,2,933333.3333
18,0092a,3,266666.6667,253,3,333333.3333
18,0092a,1,600000,163,1,1200000
18,0092a,2,266666.6667,163,2,1133333.333
18,0092a,3,200000,163,3,1133333.333
18,0092a,1,466666.6667,228,1,266666.6667
18,0092a,2,666666.6667,228,2,466666.6667
18,0092a,3,600000,228,3,400000
18,0092a,1,733333.3333,177,1,800000
18,0092a,2,400000,177,2,733333.3333
18,0092a,3,333333.3333,177,3,600000
18,232,1,466666.6667,253,1,400000
18,232,2,533333.3333,253,2,666666.6667
18,232,3,466666.6667,253,3,1200000
18,232,1,146666.6667,163,1,1733333.333
18,232,2,186666.6667,163,2,1000000
18,232,3,153333.3333,163,3,1200000
24,17B2,1,60000,253,1,2000000
24,17B2,2,33333.33333,253,2,2000000
24,17B2,3,46666.66667,253,3,2000000
24,17B2,1,25333.33333,163,1,6000000
24,17B2,2,26666.66667,163,2,8000000
24,17B2,3,22666.66667,163,3,7333333.333
24,17B2,1,53333.33333,228,1,1800000
24,17B2,2,33333.33333,228,2,2066666.667
24,17B2,3,40000,228,3,2000000
24,17B2,1,14666.66667,177,1,400000
24,17B2,2,21333.33333,177,2,466666.6667
24,17B2,3,16000,177,3,400000
24,0092a,1,2666666.667,253,1,2333333.333
24,0092a,2,5333333.333,253,2,2933333.333
24,0092a,3,4666666.667,253,3,2666666.667
24,0092a,1,2866666.667,163,1,8000000
24,0092a,2,3000000,163,2,3333333.333
24,0092a,3,2466666.667,163,3,3333333.333
24,0092a,1,1800000,228,1,1266666.667
24,0092a,2,2266666.667,228,2,1400000
24,0092a,3,1733333.333,228,3,1933333.333
24,0092a,1,1733333.333,177,1,1333333.333
24,0092a,2,1600000,177,2,2666666.667
24,0092a,3,2000000,177,3,6666666.667
24,232,1,2133333.333,253,1,3333333.333
24,232,2,2066666.667,253,2,2000000
24,232,3,2333333.333,253,3,2000000
24,232,1,1266666.667,163,1,8666666.667
24,232,2,933333.3333,163,2,4000000
24,232,3,1333333.333,163,3,3333333.333
30,17B2,1,0,253,1,2333333.333
30,17B2,2,0,253,2,2200000
30,17B2,3,0,253,3,2666666.667
30,17B2,1,66666.66667,163,1,10666666.67
30,17B2,2,60000,163,2,10000000
30,17B2,3,40000,163,3,11333333.33
30,17B2,1,66666.66667,228,1,2200000
30,17B2,2,66666.66667,228,2,2000000
30,17B2,3,33333.33333,228,3,2333333.333
30,17B2,1,33333.33333,177,1,2666666.667
30,17B2,2,20000,177,2,5333333.333
30,17B2,3,40000,177,3,5333333.333
30,0092a,1,4666666.667,253,1,1866666.667
30,0092a,2,5333333.333,253,2,1800000
30,0092a,3,4000000,253,3,2333333.333
30,0092a,1,4666666.667,163,1,10666666.67
30,0092a,2,4000000,163,2,12000000
30,0092a,3,4000000,163,3,4666666.667
30,0092a,1,1466666.667,228,1,2666666.667
30,0092a,2,1600000,228,2,2000000
30,0092a,3,1866666.667,228,3,2666666.667
30,0092a,1,5333333.333,177,1,4000000
30,0092a,2,4000000,177,2,3333333.333
30,0092a,3,4000000,177,3,4666666.667
30,232,1,12666666.67,253,1,1933333.333
30,232,2,16000000,253,2,1466666.667
30,232,3,22000000,253,3,1266666.667
30,232,1,10666666.67,163,1,14666666.67
30,232,2,8666666.667,163,2,12666666.67
30,232,3,13333333.33,163,3,10000000
42,17B2,1,46666.66667,253,1,3333333.333
42,17B2,2,40000,253,2,4666666.667
42,17B2,3,80000,253,3,4666666.667
42,17B2,1,40000,163,1,13333333.33
42,17B2,2,60000,163,2,12666666.67
42,17B2,3,106666.6667,163,3,14000000
42,17B2,1,66666.66667,228,1,3333333.333
42,17B2,2,53333.33333,228,2,2666666.667
42,17B2,3,80000,228,3,5333333.333
42,17B2,1,33333.33333,177,1,6666666.667
42,17B2,2,46666.66667,177,2,6000000
42,17B2,3,33333.33333,177,3,5333333.333
42,0092a,1,2000000,253,1,1333333.333
42,0092a,2,5333333.333,253,2,2666666.667
42,0092a,3,4000000,253,3,4666666.667
42,0092a,1,6666666.667,163,1,15333333.33
42,0092a,2,6666666.667,163,2,16000000
42,0092a,3,5333333.333,163,3,5333333.333
42,0092a,1,3333333.333,228,1,2000000
42,0092a,2,4666666.667,228,2,1333333.333
42,0092a,3,4000000,228,3,2000000
42,0092a,1,14000000,177,1,2666666.667
42,0092a,2,10666666.67,177,2,2000000
42,0092a,3,10000000,177,3,666666.6667
42,232,1,21333333.33,253,1,6000000
42,232,2,22666666.67,253,2,6666666.667
42,232,3,20666666.67,253,3,6000000
42,232,1,14000000,163,1,5333333.333
42,232,2,18000000,163,2,18000000
42,232,3,18000000,163,3,10666666.67
48,17B2,1,46666.66667,253,1,5333333.333
48,17B2,2,80000,253,2,2000000
48,17B2,3,40000,253,3,2666666.667
48,17B2,1,73333.33333,163,1,20000000
48,17B2,2,93333.33333,163,2,26666666.67
48,17B2,3,60000,163,3,20000000
48,17B2,1,20000,228,1,1333333.333
48,17B2,2,40000,228,2,4000000
48,17B2,3,26666.66667,228,3,6000000
48,17B2,1,20000,177,1,3333333.333
48,17B2,2,6666.666667,177,2,1333333.333
48,17B2,3,26666.66667,177,3,6000000
48,0092a,1,5333333.333,253,1,2000000
48,0092a,2,8000000,253,2,7333333.333
48,0092a,3,4666666.667,253,3,3333333.333
48,0092a,1,8666666.667,163,1,18666666.67
48,0092a,2,6666666.667,163,2,15333333.33
48,0092a,3,4666666.667,163,3,14000000
48,0092a,1,2666666.667,228,1,1333333.333
48,0092a,2,5333333.333,228,2,6666666.667
48,0092a,3,6666666.667,228,3,6000000
48,0092a,1,16666666.67,177,1,3333333.333
48,0092a,2,16000000,177,2,2666666.667
48,0092a,3,12666666.67,177,3,4666666.667
48,232,1,24666666.67,253,1,6666666.667
48,232,2,24666666.67,253,2,4666666.667
48,232,3,19333333.33,253,3,9333333.333
48,232,1,18000000,163,1,20000000
48,232,2,17333333.33,163,2,20000000
48,232,3,21333333.33,163,3,16000000
55,17B2,1,66666.66667,253,1,6666666.667
55,17B2,2,80000,253,2,6666666.667
55,17B2,3,93333.33333,253,3,6000000
55,17B2,1,40000,163,1,16000000
55,17B2,2,53333.33333,163,2,16000000
55,17B2,3,60000,163,3,19333333.33
55,17B2,1,26666.66667,228,1,4666666.667
55,17B2,2,26666.66667,228,2,2666666.667
55,17B2,3,20000,228,3,4666666.667
55,17B2,1,26666.66667,177,1,3333333.333
55,17B2,2,26666.66667,177,2,3333333.333
55,17B2,3,13333.33333,177,3,3333333.333
55,0092a,1,8666666.667,253,1,6666666.667
55,0092a,2,10666666.67,253,2,4000000
55,0092a,3,4666666.667,253,3,1333333.333
55,0092a,1,6000000,163,1,17333333.33
55,0092a,2,15333333.33,163,2,16666666.67
55,0092a,3,10000000,163,3,16666666.67
55,0092a,1,9333333.333,228,1,4000000
55,0092a,2,6666666.667,228,2,1600000
55,0092a,3,4666666.667,228,3,2666666.667
55,0092a,1,14000000,177,1,1266666.667
55,0092a,2,19333333.33,177,2,1200000
55,0092a,3,18000000,177,3,1600000
55,232,1,24000000,253,1,2666666.667
55,232,2,24000000,253,2,3333333.333
55,232,3,26666666.67,253,3,6666666.667
55,232,1,20000000,163,1,18000000
55,232,2,20000000,163,2,17333333.33
55,232,3,28000000,163,3,15333333.33
69,17B2,1,73333.33333,253,1,6666666.667
69,17B2,2,46666.66667,253,2,6000000
69,17B2,3,40000,253,3,7333333.333
69,17B2,1,40000,163,1,19333333.33
69,17B2,2,40000,163,2,18666666.67
69,17B2,3,80000,163,3,26000000
69,17B2,1,6666.666667,228,1,3333333.333
69,17B2,2,6666.666667,228,2,4666666.667
69,17B2,3,13333.33333,228,3,2000000
69,17B2,1,13333.33333,177,1,2000000
69,17B2,2,20000,177,2,4666666.667
69,17B2,3,6666.666667,177,3,4666666.667
69,0092a,1,9333333.333,253,1,6000000
69,0092a,2,10000000,253,2,4000000
69,0092a,3,8000000,253,3,4000000
69,0092a,1,10666666.67,163,1,22666666.67
69,0092a,2,7333333.333,163,2,25333333.33
69,0092a,3,12000000,163,3,24000000
69,0092a,1,6666666.667,228,1,7333333.333
69,0092a,2,13333333.33,228,2,6666666.667
69,0092a,3,6666666.667,228,3,7333333.333
69,0092a,1,33333333.33,177,1,4000000
69,0092a,2,40000000,177,2,3333333.333
69,0092a,3,33333333.33,177,3,2666666.667
69,232,1,46666666.67,253,1,6666666.667
69,232,2,26666666.67,253,2,6666666.667
69,232,3,33333333.33,253,3,4666666.667
69,232,1,40000000,163,1,22000000
69,232,2,33333333.33,163,2,28000000
69,232,3,33333333.33,163,3,24000000
0,232,1,1633.333333,228,1,800
0,232,2,1366.666667,228,2,866.6666667
0,232,3,1466.666667,228,3,700
0,232,1,1266.666667,177,1,333.3333333
0,232,2,1266.666667,177,2,366.6666667
0,232,3,1466.666667,177,3,433.3333333
0,460,1,9666.666667,253,1,966.6666667
0,460,2,10000,253,2,766.6666667
0,460,3,8333.333333,253,3,700
0,460,1,8666.666667,163,1,433.3333333
0,460,2,9333.333333,163,2,533.3333333
0,460,3,8666.666667,163,3,300
0,460,1,6666.666667,228,1,933.3333333
0,460,2,3333.333333,228,2,1000
0,460,3,10000,228,3,1333.333333
0,460,1,5000,177,1,700
0,460,2,8000,177,2,500
0,460,3,7000,177,3,500
0,550,1,1266.666667,253,1,1433.333333
0,550,2,1333.333333,253,2,1466.666667
0,550,3,766.6666667,253,3,1266.666667
0,550,1,1066.666667,163,1,233.3333333
0,550,2,1033.333333,163,2,233.3333333
0,550,3,1433.333333,163,3,266.6666667
0,550,1,1300,228,1,533.3333333
0,550,2,1366.666667,228,2,633.3333333
0,550,3,1100,228,3,600
0,550,1,1133.333333,177,1,466.6666667
0,550,2,1033.333333,177,2,433.3333333
0,550,3,1133.333333,177,3,400
6,232,1,1333.333333,228,1,2000
6,232,2,4000,228,2,1333.333333
6,232,3,666.6666667,228,3,2000
6,232,1,3333.333333,177,1,1333.333333
6,232,2,666.6666667,177,2,666.6666667
6,232,3,666.6666667,177,3,3333.333333
6,460,1,66666.66667,253,1,3333.333333
6,460,2,46666.66667,253,2,3333.333333
6,460,3,46666.66667,253,3,4666.666667
6,460,1,0,163,1,0
6,460,2,53333.33333,163,2,2000
6,460,3,66666.66667,163,3,666.6666667
6,460,1,66666.66667,228,1,666.6666667
6,460,2,40000,228,2,2000
6,460,3,60000,228,3,0
6,460,1,66666.66667,177,1,666.6666667
6,460,2,46666.66667,177,2,2000
6,460,3,120000,177,3,1333.333333
6,550,1,0,253,1,666.6666667
6,550,2,0,253,2,666.6666667
6,550,3,0,253,3,666.6666667
6,550,1,666.6666667,163,1,1333.333333
6,550,2,1333.333333,163,2,666.6666667
6,550,3,1333.333333,163,3,666.6666667
6,550,1,666.6666667,228,1,666.6666667
6,550,2,666.6666667,228,2,1333.333333
6,550,3,2666.666667,228,3,666.6666667
6,550,1,1333.333333,177,1,1333.333333
6,550,2,0,177,2,0
6,550,3,2000,177,3,2000
18,232,1,166666.6667,228,1,333333.3333
18,232,2,120000,228,2,933333.3333
18,232,3,120000,228,3,666666.6667
18,232,1,160000,177,1,1133333.333
18,232,2,186666.6667,177,2,933333.3333
18,232,3,93333.33333,177,3,1133333.333
18,460,1,2266666.667,253,1,733333.3333
18,460,2,1933333.333,253,2,666666.6667
18,460,3,2666666.667,253,3,533333.3333
18,460,1,0,163,1,0
18,460,2,1200000,163,2,533333.3333
18,460,3,1666666.667,163,3,400000
18,460,1,1533333.333,228,1,266666.6667
18,460,2,1666666.667,228,2,200000
18,460,3,1600000,228,3,200000
18,460,1,1200000,177,1,266666.6667
18,460,2,1266666.667,177,2,933333.3333
18,460,3,600000,177,3,600000
18,550,1,120000,253,1,400000
18,550,2,73333.33333,253,2,466666.6667
18,550,3,100000,253,3,733333.3333
18,550,1,10666.66667,163,1,800000
18,550,2,18000,163,2,1133333.333
18,550,3,18000,163,3,933333.3333
18,550,1,66666.66667,228,1,133333.3333
18,550,2,86666.66667,228,2,273333.3333
18,550,3,80000,228,3,200000
18,550,1,11333.33333,177,1,866666.6667
18,550,2,16000,177,2,1000000
18,550,3,10666.66667,177,3,866666.6667
24,232,1,1666666.667,228,1,7333333.333
24,232,2,2200000,228,2,2666666.667
24,232,3,1466666.667,228,3,1333333.333
24,232,1,1600000,177,1,2666666.667
24,232,2,1333333.333,177,2,2666666.667
24,232,3,1133333.333,177,3,3333333.333
24,460,1,9333333.333,253,1,1333333.333
24,460,2,6666666.667,253,2,1666666.667
24,460,3,7333333.333,253,3,1133333.333
24,460,1,0,163,1,0
24,460,2,3333333.333,163,2,5333333.333
24,460,3,6666666.667,163,3,3333333.333
24,460,1,7333333.333,228,1,1333333.333
24,460,2,5333333.333,228,2,1333333.333
24,460,3,8000000,228,3,866666.6667
24,460,1,3333333.333,177,1,1733333.333
24,460,2,6000000,177,2,1600000
24,460,3,2666666.667,177,3,1400000
24,550,1,733333.3333,253,1,1200000
24,550,2,600000,253,2,666666.6667
24,550,3,400000,253,3,1600000
24,550,1,80000,163,1,3333333.333
24,550,2,73333.33333,163,2,6666666.667
24,550,3,80000,163,3,3333333.333
24,550,1,220000,228,1,4000000
24,550,2,226666.6667,228,2,4666666.667
24,550,3,220000,228,3,2000000
24,550,1,33333.33333,177,1,6000000
24,550,2,40000,177,2,3333333.333
24,550,3,53333.33333,177,3,4666666.667
30,232,1,13333333.33,228,1,1266666.667
30,232,2,14000000,228,2,1466666.667
30,232,3,6666666.667,228,3,1266666.667
30,232,1,6000000,177,1,6666666.667
30,232,2,13333333.33,177,2,3333333.333
30,232,3,6666666.667,177,3,2666666.667
30,460,1,10666666.67,253,1,1533333.333
30,460,2,9333333.333,253,2,1600000
30,460,3,8666666.667,253,3,1266666.667
30,460,1,0,163,1,0
30,460,2,7333333.333,163,2,8666666.667
30,460,3,7333333.333,163,3,6666666.667
30,460,1,9333333.333,228,1,2000000
30,460,2,15333333.33,228,2,3333333.333
30,460,3,10666666.67,228,3,2666666.667
30,460,1,10666666.67,177,1,1333333.333
30,460,2,10666666.67,177,2,1466666.667
30,460,3,7333333.333,177,3,1333333.333
30,550,1,2666666.667,253,1,5333333.333
30,550,2,2666666.667,253,2,2666666.667
30,550,3,2000000,253,3,3333333.333
30,550,1,146666.6667,163,1,8666666.667
30,550,2,160000,163,2,8666666.667
30,550,3,120000,163,3,11333333.33
30,550,1,666666.6667,228,1,2133333.333
30,550,2,533333.3333,228,2,2066666.667
30,550,3,400000,228,3,1333333.333
30,550,1,126666.6667,177,1,9333333.333
30,550,2,126666.6667,177,2,3333333.333
30,550,3,120000,177,3,5333333.333
42,232,1,21333333.33,228,1,4000000
42,232,2,21333333.33,228,2,4666666.667
42,232,3,19333333.33,228,3,4666666.667
42,232,1,12666666.67,177,1,2666666.667
42,232,2,16666666.67,177,2,2000000
42,232,3,17333333.33,177,3,1333333.333
42,460,1,9333333.333,253,1,1333333.333
42,460,2,14000000,253,2,3333333.333
42,460,3,6000000,253,3,2000000
42,460,1,0,163,1,0
42,460,2,12666666.67,163,2,6666666.667
42,460,3,14000000,163,3,11333333.33
42,460,1,8000000,228,1,2666666.667
42,460,2,7333333.333,228,2,2666666.667
42,460,3,6666666.667,228,3,1666666.667
42,460,1,4666666.667,177,1,1400000
42,460,2,8000000,177,2,1466666.667
42,460,3,2666666.667,177,3,1400000
42,550,1,4666666.667,253,1,400000
42,550,2,7333333.333,253,2,466666.6667
42,550,3,6000000,253,3,666666.6667
42,550,1,266666.6667,163,1,14666666.67
42,550,2,200000,163,2,12000000
42,550,3,266666.6667,163,3,13333333.33
42,550,1,1333333.333,228,1,5333333.333
42,550,2,466666.6667,228,2,6000000
42,550,3,600000,228,3,6666666.667
42,550,1,266666.6667,177,1,2666666.667
42,550,2,466666.6667,177,2,3333333.333
42,550,3,333333.3333,177,3,2666666.667
48,232,1,20000000,228,1,4000000
48,232,2,26666666.67,228,2,3333333.333
48,232,3,20000000,228,3,2000000
48,232,1,13333333.33,177,1,1266666.667
48,232,2,20000000,177,2,1000000
48,232,3,13333333.33,177,3,1066666.667
48,460,1,12666666.67,253,1,2000000
48,460,2,14666666.67,253,2,2733333.333
48,460,3,12666666.67,253,3,2200000
48,460,1,0,163,1,0
48,460,2,12000000,163,2,10000000
48,460,3,15333333.33,163,3,7333333.333
48,460,1,12000000,228,1,2466666.667
48,460,2,9333333.333,228,2,1200000
48,460,3,6000000,228,3,1266666.667
48,460,1,9333333.333,177,1,1666666.667
48,460,2,6000000,177,2,1066666.667
48,460,3,5333333.333,177,3,1533333.333
48,550,1,6000000,253,1,4666666.667
48,550,2,5333333.333,253,2,4666666.667
48,550,3,4000000,253,3,2000000
48,550,1,333333.3333,163,1,12000000
48,550,2,466666.6667,163,2,11333333.33
48,550,3,466666.6667,163,3,11333333.33
48,550,1,1266666.667,228,1,2666666.667
48,550,2,1333333.333,228,2,5333333.333
48,550,3,1066666.667,228,3,6000000
48,550,1,466666.6667,177,1,4666666.667
48,550,2,733333.3333,177,2,9333333.333
48,550,3,866666.6667,177,3,9333333.333
55,232,1,15333333.33,228,1,3333333.333
55,232,2,16000000,228,2,2000000
55,232,3,21333333.33,228,3,3333333.333
55,232,1,23333333.33,177,1,533333.3333
55,232,2,20000000,177,2,1066666.667
55,232,3,26666666.67,177,3,1266666.667
55,460,1,16666666.67,253,1,3333333.333
55,460,2,24000000,253,2,1333333.333
55,460,3,18000000,253,3,3333333.333
55,460,1,0,163,1,0
55,460,2,19333333.33,163,2,11333333.33
55,460,3,14666666.67,163,3,10666666.67
55,460,1,12666666.67,228,1,4666666.667
55,460,2,14000000,228,2,4000000
55,460,3,14000000,228,3,2000000
55,460,1,11333333.33,177,1,1866666.667
55,460,2,10666666.67,177,2,1600000
55,460,3,9333333.333,177,3,1066666.667
55,550,1,5333333.333,253,1,2666666.667
55,550,2,7333333.333,253,2,4666666.667
55,550,3,8000000,253,3,6000000
55,550,1,1066666.667,163,1,13333333.33
55,550,2,533333.3333,163,2,13333333.33
55,550,3,200000,163,3,26666666.67
55,550,1,1400000,228,1,6000000
55,550,2,933333.3333,228,2,2666666.667
55,550,3,1133333.333,228,3,4666666.667
55,550,1,1533333.333,177,1,6000000
55,550,2,1466666.667,177,2,4000000
55,550,3,2400000,177,3,5333333.333
69,232,1,17333333.33,228,1,3333333.333
69,232,2,23333333.33,228,2,2666666.667
69,232,3,20000000,228,3,7333333.333
69,232,1,20000000,177,1,933333.3333
69,232,2,24000000,177,2,600000
69,232,3,22666666.67,177,3,1000000
69,460,1,10000000,253,1,2000000
69,460,2,22000000,253,2,5333333.333
69,460,3,19333333.33,253,3,2666666.667
69,460,1,0,163,1,0
69,460,2,8666666.667,163,2,10000000
69,460,3,6666666.667,163,3,13333333.33
69,460,1,20000000,228,1,4666666.667
69,460,2,12000000,228,2,2000000
69,460,3,21333333.33,228,3,1333333.333
69,460,1,12000000,177,1,1000000
69,460,2,12666666.67,177,2,800000
69,460,3,12666666.67,177,3,1200000
69,550,1,13333333.33,253,1,2666666.667
69,550,2,12666666.67,253,2,4666666.667
69,550,3,14000000,253,3,2000000
69,550,1,1000000,163,1,17333333.33
69,550,2,533333.3333,163,2,11333333.33
69,550,3,666666.6667,163,3,14666666.67
69,550,1,1733333.333,228,1,5333333.333
69,550,2,1333333.333,228,2,3333333.333
69,550,3,1400000,228,3,4000000
69,550,1,6000000,177,1,5333333.333
69,550,2,10000000,177,2,4666666.667
69,550,3,12666666.67,177,3,8666666.667